﻿Title,Created,Edited,Episodes,Genre,People,Rating,Status,Type,Where to listen
Waking Up,29 de setembro de 2025 15:44,29 de setembro de 2025 15:44,,,,★★★★★,Done,Audiobook,https://www.justwatch.com/de/Film/Fight-Club
The Joe Rogan Experience,29 de setembro de 2025 15:44,29 de setembro de 2025 15:44,,Technology & Science (https://www.notion.so/Technology-Science-27dc9c9fc30581dfa725ea81dc433c54?pvs=21),,,Listening,Podcast,https://open.spotify.com/show/4rOoJ6Egrf8K2IrywzwOMk
Lex Fridman Podcast,29 de setembro de 2025 15:44,29 de setembro de 2025 15:44,,Technology & Science (https://www.notion.so/Technology-Science-27dc9c9fc30581dfa725ea81dc433c54?pvs=21),,,Listening,Podcast,https://open.spotify.com/show/2MAi0BvDc6GTFvKFPXnkCL
The 4-Hour Workweek,29 de setembro de 2025 15:44,29 de setembro de 2025 15:44,,Front-end (https://www.notion.so/Front-end-27dc9c9fc305814b825dd48a79e6cf0b?pvs=21),,★★★★★,Done,Audiobook,https://www.hbo.com/game-of-thrones
Ep-1 A mágica do Transition,1 de outubro de 2025 13:49,1 de outubro de 2025 15:47,Episode (https://www.notion.so/Episode-27fc9c9fc30580e78b80d47d6a29ed2c?pvs=21),"Technology & Science (https://www.notion.so/Technology-Science-27dc9c9fc30581dfa725ea81dc433c54?pvs=21), Front-end (https://www.notion.so/Front-end-27dc9c9fc305814b825dd48a79e6cf0b?pvs=21)",Ana (https://www.notion.so/Ana-27fc9c9fc30580c199d9d593989e847f?pvs=21),★★★★★,Want To,Podcast,